Name,GitHubID
beavnvvv,Beavnvvv
Akagi201,Akagi201
Oscar,luffythink
YuKirasawa,YuKirasawa
Simon,huanghaox
DawnBlackA,DawnBlackA
k1one,K1ones
Punkcan,punkcanyang
kevin,ztm0929
ARMIN,ARMIN76L
Jacqueese,Jacqueese
jasonchen,flytiny
ZhaoHong,coderprepares
HAPPY,happyishappy666
Loxia,DasNarrenschiff
Helios,HeliosLz
Ric-Li-C,linghuccc
Junhua,XieJunhua
hython,joyc
Box,nishuzumi
Peter,coder-blockchain
An,An
Q,mon1y
Bruce,brucexu-eth
Totie,TotieTao
Zedz,zedz
RuoYan,cmu-ruoyan-lgl
Ti√†o,notthere-2023
Marcus,MRzzz-cyber
Antigone4224,antigone4224
Cora,CHENFANGC
alivez,alive-z
Kero,keroro520
dylan,cherry-yl-sh
AricRedemption,AricRedemption
Cheney,CheneyWong
coconal,coconal
windwh1sper,windwh1sper
CureDreams,CureDreams
Ziicu2019,ziicu2019
KeShin,xiaoyuanxun
Ray,rayjun
Herschel,Herschel123
huayun,victoss
Tommy,Tommy-LXDAO
XiaoLSMX,QingzhiXiao
Ache,wodeche
monnaliya,monnaliya
Muxin,muxin-web3
Jason,zhuyansen
Iyi,jjeejj
wayhome,wayhome
Max,0xdiymax
Derick,DerickIT
Bugmaker,PINKPIG-17
Coooder,Coooder-Crypto